date,ticker,name,price,change,Price_change,volume,Avg_Vol_(3 month),Market_cap,PE_Ratio
4/5/2024,TSLA,"Tesla, Inc.",164.9,-6.21,-3.63%,137.801M,103.023M,525.172B,38.35
4/5/2024,AMD,"Advanced Micro Devices, Inc.",170.42,4.59,2.77%,65.744M,78.065M,275.423B,321.55
4/5/2024,INTC,Intel Corporation,38.71,-1.02,-2.57%,66.151M,46.39M,164.783B,96.77
4/5/2024,F,Ford Motor Company,13.28,0.07,0.53%,46.42M,54.328M,52.77B,12.3
4/5/2024,NIO,NIO Inc.,4.39,-0.11,-2.44%,41.253M,57.33M,9.175B,N/A
4/5/2024,NVDA,NVIDIA Corporation,880.08,21.03,2.45%,39.737M,54.113M,2.2T,73.52
4/5/2024,AMZN,"Amazon.com, Inc.",185.07,5.07,2.82%,41.959M,43.213M,1.922T,63.82
4/5/2024,PLTR,Palantir Technologies Inc.,22.96,0.48,2.14%,38.338M,71.076M,50.804B,255.11
4/5/2024,RIVN,"Rivian Automotive, Inc.",10.1,-0.03,-0.30%,36.915M,43.273M,9.872B,N/A
4/5/2024,AAPL,Apple Inc.,169.58,0.76,0.45%,41.844M,60.411M,2.619T,26.37
4/5/2024,PFE,Pfizer Inc.,26.66,0.01,0.04%,39.352M,43.079M,150.963B,72.05
4/5/2024,GOLD,Barrick Gold Corporation,17.86,0.47,2.70%,34.844M,21.522M,31.354B,24.81
4/5/2024,WBD,"Warner Bros. Discovery, Inc.",8.32,-0.12,-1.42%,34.774M,26.826M,20.298B,N/A
4/5/2024,MARA,"Marathon Digital Holdings, Inc.",18.43,-0.04,-0.22%,31.382M,78.263M,4.933B,17.39
4/5/2024,CCL,Carnival Corporation & plc,15.12,0.06,0.40%,29.7M,32.527M,19.807B,47.25
4/5/2024,PLUG,Plug Power Inc.,3.14,-0.01,-0.32%,30.218M,44.222M,2.149B,N/A
4/5/2024,ABEV,Ambev S.A.,2.41,-0.04,-1.63%,28.429M,12.144M,38.955B,13.39
4/5/2024,AAL,American Airlines Group Inc.,13.76,-0.07,-0.51%,29.973M,34.142M,9.009B,11.37
4/5/2024,PARA,Paramount Global,11.97,-0.4,-3.23%,29.166M,19.013M,8.273B,N/A
4/5/2024,SOFI,"SoFi Technologies, Inc.",7.4,0.09,1.23%,29.001M,55.419M,7.765B,N/A
4/5/2024,GRAB,Grab Holdings Limited,3.24,0.08,2.53%,27.238M,23.885M,12.711B,N/A
4/5/2024,BAC,Bank of America Corporation,37.11,0.19,0.51%,29.673M,40.532M,292.822B,12.05
4/5/2024,T,AT&T Inc.,17.42,-0.15,-0.85%,37.677M,38.718M,124.961B,8.84
4/5/2024,BCS,Barclays PLC,9.74,0.03,0.31%,24.734M,17.117M,36.746B,7.16
4/5/2024,KGC,Kinross Gold Corporation,6.4,0.12,1.91%,23.978M,13.52M,7.903B,18.82
date,ticker,name,price,%_change,Price_change,volume,Avg_Vol_(3 month),Market_cap,PE_Ratio
4/5/2024,ZGN,Ermenegildo Zegna N.V.,11.96,-1.98,-14.20%,5.02M,"658,966",2.994B,32.32
4/5/2024,RNAC,"Cartesian Therapeutics, Inc.",13.31,-1.81,-11.99%,"240,718","26,088",73.416M,N/A
4/5/2024,MSTR,MicroStrategy Incorporated,"1,439.00",-176.42,-10.92%,2.235M,2.331M,24.417B,54.43
4/5/2024,ENPH,"Enphase Energy, Inc.",112.27,-8.51,-7.05%,6.254M,4.156M,15.242B,36.45
4/5/2024,OCDDY,Ocado Group plc,9.66,-0.69,-6.67%,"71,823","39,472",3.952B,N/A
4/5/2024,USAC,"USA Compression Partners, LP",26.48,-1.4,-5.02%,"400,495","427,488",2.727B,132.4
4/5/2024,DAY,Dayforce Inc,61.04,-3.17,-4.94%,2.172M,1.405M,9.496B,174.4
4/5/2024,CABO,"Cable One, Inc.",392.01,-18.62,-4.53%,"211,888","87,788",2.203B,8.69
4/5/2024,STVN,Stevanato Group S.p.A.,28.98,-1.32,-4.36%,"493,066","349,985",7.877B,48.3
4/5/2024,BAIDF,"Baidu, Inc.",13.02,-0.58,-4.24%,"176,185","35,525",37.659B,13.71
4/5/2024,SIG,Signet Jewelers Limited,101.73,-4.31,-4.06%,"978,822","732,122",4.527B,6.78
4/5/2024,ANGPY,Anglo American Platinum Limited,6.81,-0.28,-3.95%,"74,081","53,091",10.817B,15.48
4/5/2024,PBI-PB,Pitney Bowes Inc. NT 43,17.96,-0.72,-3.85%,"32,433",N/A,3.347B,13.62
4/5/2024,CIADY,China Mengniu Dairy Company Limited,21.5,-0.84,-3.76%,"138,265","36,991",8.465B,12.72
4/5/2024,APGE,"Apogee Therapeutics, Inc.",56.81,-2.19,-3.71%,"431,896","696,338",3.315B,N/A
4/5/2024,TSLA,"Tesla, Inc.",164.9,-6.21,-3.63%,137.801M,103.023M,525.172B,38.35
4/5/2024,ZLNDY,Zalando SE,13.1,-0.48,-3.53%,"42,953","91,569",6.825B,77.06
4/5/2024,BLMN,"Bloomin' Brands, Inc.",26.91,-0.98,-3.51%,1.908M,1.306M,2.343B,10.51
4/5/2024,HOCPY,HOYA Corporation,115.8,-4.2,-3.50%,"22,105","32,809",40.589B,37.23
4/5/2024,COIN,"Coinbase Global, Inc.",240.9,-8.71,-3.49%,8.063M,14.305M,58.364B,669.17
4/5/2024,EXLS,"ExlService Holdings, Inc.",29.57,-1.02,-3.33%,2.671M,"933,051",4.902B,26.88
4/5/2024,EMBVF,"Arca Continental, S.A.B. de C.V.",10.61,-0.36,-3.32%,"27,202","7,958",18.435B,17.12
4/5/2024,CRSP,CRISPR Therapeutics AG,62.9,-2.16,-3.32%,1.679M,1.891M,5.049B,N/A
4/5/2024,PARA,Paramount Global,11.97,-0.4,-3.23%,29.166M,19.013M,8.273B,N/A
4/5/2024,ARRY,"Array Technologies, Inc.",13.8,-0.46,-3.23%,5.689M,5.851M,2.088B,24.64
4/8/2024,TSLA,"Tesla, Inc.",172.98,8.08,4.90%,103.964M,103.439M,550.905B,40.23
4/8/2024,VALE,Vale S.A.,12.5,0.7,5.93%,59.803M,27.112M,53.511B,6.83
4/8/2024,SOFI,"SoFi Technologies, Inc.",7.76,0.36,4.86%,56.561M,56.301M,8.143B,N/A
4/8/2024,INTC,Intel Corporation,37.98,-0.73,-1.89%,56.79M,46.899M,164.87B,94.95
4/8/2024,NIO,NIO Inc.,4.37,-0.02,-0.46%,46.713M,57.076M,9.133B,N/A
4/8/2024,MARA,"Marathon Digital Holdings, Inc.",17.95,-0.48,-2.60%,44.211M,77.027M,4.804B,16.93
4/8/2024,AMD,"Advanced Micro Devices, Inc.",169.9,-0.52,-0.31%,43.725M,77.776M,274.582B,320.57
4/8/2024,AMZN,"Amazon.com, Inc.",185.19,0.12,0.06%,39.134M,43.078M,1.924T,64.08
4/8/2024,PARA,Paramount Global,11.06,-0.91,-7.60%,36.761M,19.552M,8.255B,N/A
4/8/2024,AAPL,Apple Inc.,168.45,-1.13,-0.67%,37.171M,60.342M,2.601T,26.2
4/8/2024,CLSK,"CleanSpark, Inc.",15.36,-0.24,-1.54%,30.241M,36.677M,3.042B,N/A
4/8/2024,RIVN,"Rivian Automotive, Inc.",10.44,0.34,3.37%,28.449M,43.843M,10.205B,N/A
4/8/2024,AAL,American Airlines Group Inc.,13.9,0.14,1.02%,28.366M,33.58M,9.101B,11.49
4/8/2024,CMCSA,Comcast Corporation,40.71,-0.19,-0.46%,28.114M,20.847M,162.409B,10.97
4/8/2024,WBD,"Warner Bros. Discovery, Inc.",8.52,0.2,2.40%,29.081M,27.135M,20.786B,N/A
4/8/2024,GOLD,Barrick Gold Corporation,17.7,-0.16,-0.90%,27.359M,21.787M,31.074B,24.58
4/8/2024,GRAB,Grab Holdings Limited,3.3,0.06,1.85%,28.034M,24.155M,12.946B,N/A
4/8/2024,MU,"Micron Technology, Inc.",122.95,-0.63,-0.51%,27.822M,20.718M,136.151B,N/A
4/8/2024,NVDA,NVIDIA Corporation,871.33,-8.75,-0.99%,27.889M,53.142M,2.2T,72.98
4/8/2024,AIRC,Apartment Income REIT Corp.,38.38,7.03,22.42%,26.006M,1.578M,5.562B,8.99
4/8/2024,F,Ford Motor Company,13.41,0.13,0.98%,27.79M,54.215M,53.286B,12.42
4/8/2024,BAC,Bank of America Corporation,37.5,0.39,1.05%,29.316M,40.376M,295.899B,12.18
4/8/2024,RIG,Transocean Ltd.,6.55,0.02,0.31%,22.607M,18.332M,5.368B,N/A
4/8/2024,PLTR,Palantir Technologies Inc.,23,0.04,0.17%,24.915M,71.259M,50.893B,255.56
4/8/2024,CCL,Carnival Corporation & plc,15.66,0.54,3.57%,26.568M,32.725M,20.515B,48.94
4/8/2024,MMYT,MakeMyTrip Limited,67.24,-8.73,-11.49%,2.126M,"807,888",7.334B,146.17
4/8/2024,PARA,Paramount Global,11.06,-0.91,-7.60%,36.761M,19.552M,8.255B,N/A
4/8/2024,KSPI,Joint Stock Company Kaspi.kz,123.5,-9.26,-6.97%,"761,210","431,954",45.883B,N/A
4/8/2024,BHC,Bausch Health Companies Inc.,9.69,-0.72,-6.92%,6.311M,2.575M,3.541B,N/A
4/8/2024,DNUT,"Krispy Kreme, Inc.",14.32,-1.01,-6.59%,8.635M,2.555M,2.416B,N/A
4/8/2024,CF,"CF Industries Holdings, Inc.",79.79,-5.32,-6.25%,4.57M,2.55M,15.977B,10.14
4/8/2024,NWTN,NWTN Inc.,7.04,-0.46,-6.13%,"21,967","50,270",2.015B,N/A
4/8/2024,AS,"Amer Sports, Inc.",14.52,-0.82,-5.35%,2.784M,2.163M,7.751B,N/A
4/8/2024,NXE,NexGen Energy Ltd.,7.98,-0.45,-5.34%,10.313M,6.786M,4.306B,66.5
4/8/2024,CRHKY,China Resources Beer (Holdings) Company Limited,8.7,-0.46,-5.02%,"28,594","33,170",14.111B,19.77
4/8/2024,IMCR,Immunocore Holdings plc,60.5,-3,-4.72%,"250,869","480,690",3.014B,N/A
4/8/2024,EDNMY,Edenred SE,26.25,-1.25,-4.55%,"21,185","52,670",13.517B,47.73
4/8/2024,WOPEF,Woodside Energy Group Ltd,20.4,-0.95,-4.45%,"234,223","41,552",39.345B,23.45
4/8/2024,FLUT,Flutter Entertainment plc,192.65,-8.65,-4.30%,"288,074","151,195",36.441B,N/A
4/8/2024,DELL,Dell Technologies Inc.,127.15,-5.57,-4.20%,11.327M,7.595M,90.758B,29.16
4/8/2024,JBT,John Bean Technologies Corporation,94.77,-4.12,-4.17%,"386,727","206,416",3.148B,23.57
4/8/2024,ERIXF,Telefonaktiebolaget LM Ericsson (publ),5.09,-0.22,-4.14%,1.501M,"132,665",17.015B,N/A
4/8/2024,MTNOY,MTN Group Limited,5.13,-0.22,-4.11%,"88,588","46,996",9.272B,8.69
4/8/2024,APGE,"Apogee Therapeutics, Inc.",54.62,-2.19,-3.85%,"495,572","710,695",3.31B,N/A
4/8/2024,CORT,Corcept Therapeutics Incorporated,24.23,-0.97,-3.85%,"944,521",1.404M,2.508B,25.78
4/8/2024,APLS,"Apellis Pharmaceuticals, Inc.",53.81,-2.1,-3.76%,"775,154",1.416M,6.489B,N/A
4/8/2024,GME,GameStop Corp.,10.83,-0.42,-3.73%,3.494M,3.908M,3.441B,541.5
4/8/2024,BHPLF,BHP Group Limited,28.55,-1.08,-3.66%,"603,911","314,911",145.109B,19.55
4/8/2024,DKNG,DraftKings Inc.,45.51,-1.69,-3.58%,9.551M,12.36M,21.648B,N/A
4/8/2024,FTNT,"Fortinet, Inc.",68.39,-2.52,-3.55%,5.079M,6.21M,52.184B,46.84
4/8/2024,AIRC,Apartment Income REIT Corp.,38.38,7.03,22.42%,26.006M,1.578M,5.562B,8.99
4/8/2024,ALPN,"Alpine Immune Sciences, Inc.",38.53,3.62,10.37%,2.574M,1.242M,2.525B,N/A
4/8/2024,BRPHF,Galaxy Digital Holdings Ltd.,11.84,1.06,9.81%,"299,380","201,975",3.867B,N/A
4/8/2024,MP,MP Materials Corp.,16.02,1.41,9.65%,11.899M,3.64M,2.656B,114.43
4/8/2024,AGL,"agilon health, inc.",5.18,0.43,9.05%,3.577M,5.481M,2.121B,N/A
4/8/2024,IMPUY,Impala Platinum Holdings Limited,5.08,0.38,8.09%,"488,546","278,865",4.572B,N/A
4/8/2024,IBRX,"ImmunityBio, Inc.",6.17,0.46,8.06%,3.196M,4.072M,4.158B,N/A
4/8/2024,ZLNDY,Zalando SE,14.09,0.99,7.56%,"35,881","90,698",7.341B,82.88
4/8/2024,GLBE,Global-E Online Ltd.,36.38,2.55,7.54%,2.497M,1.163M,5.976B,N/A
4/8/2024,GPCR,Structure Therapeutics Inc.,44.41,2.95,7.12%,"473,161","569,955",2.069B,N/A
4/8/2024,SSL,Sasol Limited,8.74,0.58,7.11%,1.243M,"652,657",5.647B,12.67
4/8/2024,RKT,"Rocket Companies, Inc.",13.84,0.89,6.87%,2.551M,2.431M,27.504B,7.68
4/8/2024,COIN,"Coinbase Global, Inc.",256.99,16.09,6.68%,9.846M,14.194M,62.262B,713.86
4/8/2024,ALB,Albemarle Corporation,131.69,8.24,6.67%,3.534M,3.494M,15.477B,9.85
4/8/2024,AMK,"AssetMark Financial Holdings, Inc.",36.82,2.27,6.57%,"457,237","187,100",2.739B,22.32
4/8/2024,SBSW,Sibanye Stillwater Limited,5.51,0.33,6.37%,11.964M,5.804M,3.899B,5.35
4/8/2024,ANGPY,Anglo American Platinum Limited,7.22,0.41,6.02%,"149,410","55,927",11.468B,16.41
4/8/2024,IRT,"Independence Realty Trust, Inc.",16.29,0.92,5.99%,3.335M,2.273M,3.763B,N/A
4/8/2024,VALE,Vale S.A.,12.5,0.7,5.93%,59.803M,27.112M,53.511B,6.83
4/8/2024,GH,"Guardant Health, Inc.",18.66,1.03,5.84%,2.042M,1.968M,2.271B,N/A
4/8/2024,VSAT,"Viasat, Inc.",17.69,0.97,5.80%,1.017M,1.118M,2.217B,N/A
4/8/2024,TMDX,"TransMedics Group, Inc.",89.93,4.89,5.75%,1.021M,"666,218",2.942B,N/A
4/8/2024,CPT,Camden Property Trust,102.13,5.51,5.70%,1.762M,1.183M,10.904B,27.6
4/8/2024,VNO,Vornado Realty Trust,28.84,1.48,5.41%,1.151M,2.25M,5.979B,125.39
4/8/2024,WMG,Warner Music Group Corp.,35.1,1.77,5.31%,5.053M,1.509M,18.178B,39.44
2024-04-09,TSLA,"Tesla, Inc.",176.88,+3.90,+2.25%,102.622M,103.439M,563.326B,41.13
2024-04-09,NIO,NIO Inc.,4.7100,+0.3400,+7.78%,75.575M,57.076M,9.844B,N/A
2024-04-09,INTC,Intel Corporation,38.33,+0.35,+0.92%,77.808M,47.674M,163.166B,95.83
2024-04-09,NVDA,NVIDIA Corporation,853.54,-17.79,-2.04%,49.943M,53.142M,2.134T,71.49
2024-04-09,SOFI,"SoFi Technologies, Inc.",7.89,+0.13,+1.68%,43.98M,56.301M,8.279B,N/A
2024-04-09,AMD,"Advanced Micro Devices, Inc.",170.78,+0.88,+0.52%,42.852M,77.776M,276.004B,322.23
2024-04-09,PFE,Pfizer Inc.,26.78,+0.20,+0.75%,44.527M,42.992M,151.643B,72.38
2024-04-09,AAPL,Apple Inc.,169.67,+1.22,+0.72%,42.119M,60.342M,2.62T,26.39
2024-04-09,MARA,"Marathon Digital Holdings, Inc.",17.98,+0.03,+0.17%,34.031M,75.297M,4.812B,16.96
2024-04-09,VALE,Vale S.A.,12.50,0.00,0.00%,33.417M,27.112M,53.511B,6.83
2024-04-09,AMZN,"Amazon.com, Inc.",185.67,+0.48,+0.26%,36.275M,43.078M,1.929T,64.25
2024-04-09,F,Ford Motor Company,13.54,+0.13,+0.97%,33.389M,54.215M,53.803B,12.54
2024-04-09,GOLD,Barrick Gold Corporation,18.01,+0.31,+1.75%,29.254M,21.787M,31.618B,25.01
2024-04-09,GOOGL,Alphabet Inc.,156.60,+1.75,+1.13%,30.688M,31.431M,1.953T,27.05
2024-04-09,CMCSA,Comcast Corporation,40.15,-0.56,-1.38%,31.607M,20.847M,159.47B,10.82
2024-04-09,PLTR,Palantir Technologies Inc.,22.81,-0.19,-0.83%,27.517M,71.259M,50.472B,253.44
2024-04-09,T,AT&T Inc.,16.90,-0.07,-0.43%,31.52M,38.628M,121.231B,8.58
2024-04-09,BAC,Bank of America Corporation,37.73,+0.23,+0.61%,29.59M,40.376M,297.714B,12.25
2024-04-09,WBD,"Warner Bros. Discovery, Inc.",8.69,+0.17,+2.00%,26.104M,27.135M,21.201B,N/A
2024-04-09,RIVN,"Rivian Automotive, Inc.",10.63,+0.19,+1.82%,26.803M,43.843M,10.39B,N/A
2024-04-09,PLUG,Plug Power Inc.,3.2500,+0.1300,+4.17%,27.136M,44.533M,2.224B,N/A
2024-04-09,AAL,American Airlines Group Inc.,13.95,+0.05,+0.36%,27.382M,33.58M,9.134B,11.53
2024-04-09,CCL,Carnival Corporation & plc,15.50,-0.16,-1.02%,25.652M,32.725M,20.305B,48.44
2024-04-09,RIG,Transocean Ltd.,6.38,-0.17,-2.60%,25.981M,18.332M,5.229B,N/A
2024-04-09,CLSK,"CleanSpark, Inc.",15.33,-0.03,-0.20%,25.093M,36.677M,3.036B,N/A
2024-04-09,BRPHF,Galaxy Digital Holdings Ltd.,9.80,-2.03,-17.17%,"468,187","201,975",3.203B,N/A
2024-04-09,NEOG,Neogen Corporation,13.04,-1.34,-9.32%,7.691M,1.843M,2.825B,130.40
2024-04-09,FINMY,Leonardo S.p.a.,11.69,-1.17,-9.10%,"65,112","50,129",13.543B,18.85
2024-04-09,SG,"Sweetgreen, Inc.",22.86,-2.27,-9.03%,3.133M,2.342M,2.583B,N/A
2024-04-09,EFGIF,EFG International AG,11.65,-0.95,-7.54%,"61,124",4,3.555B,11.53
2024-04-09,CAVA,"CAVA Group, Inc.",60.28,-4.66,-7.18%,4.488M,2.256M,6.872B,287.05
2024-04-09,PARR,"Par Pacific Holdings, Inc.",35.66,-2.71,-7.06%,1.145M,"849,309",2.116B,2.99
2024-04-09,VST,Vistra Corp.,69.53,-4.89,-6.57%,8.349M,5.132M,24.196B,19.42
2024-04-09,RNMBY,Rheinmetall AG,113.77,-7.81,-6.42%,"72,357","20,086",25.22B,45.88
2024-04-09,IESC,"IES Holdings, Inc.",125.53,-8.44,-6.30%,"210,270","105,437",2.538B,23.82
2024-04-09,TBBB,BBB Foods Inc.,21.58,-1.41,-6.13%,1.646M,1.16M,2.421B,N/A
2024-04-09,MOD,Modine Manufacturing Company,91.46,-5.67,-5.84%,1.188M,1.045M,4.775B,21.52
2024-04-09,COIN,"Coinbase Global, Inc.",242.95,-14.04,-5.46%,7.701M,14.194M,58.861B,674.86
2024-04-09,OSCR,"Oscar Health, Inc.",13.99,-0.78,-5.28%,1.512M,3.411M,3.214B,N/A
2024-04-09,LKNCY,Luckin Coffee Inc.,24.70,-1.30,-5.00%,1.889M,2.798M,6.815B,19.92
2024-04-09,FIX,"Comfort Systems USA, Inc.",306.15,-15.98,-4.96%,"423,275","370,478",10.925B,33.94
2024-04-09,DFH,"Dream Finders Homes, Inc.",40.03,-2.06,-4.89%,"477,276","403,145",3.733B,14.35
2024-04-09,CLS,Celestica Inc.,47.05,-2.38,-4.81%,2.778M,2.306M,5.611B,23.18
2024-04-09,MSTR,MicroStrategy Incorporated,"1,441.02",-71.97,-4.76%,1.659M,2.338M,24.451B,54.44
2024-04-09,ROHCY,"ROHM Co., Ltd.",14.88,-0.73,-4.68%,"26,345","10,793",5.896B,15.83
2024-04-09,BHC,Bausch Health Companies Inc.,9.26,-0.43,-4.44%,3.88M,2.575M,3.384B,N/A
2024-04-09,YARIY,Yara International ASA,15.62,-0.72,-4.41%,"60,036","52,891",7.998B,156.20
2024-04-09,GFF,Griffon Corporation,70.00,-3.22,-4.40%,"436,798","396,921",3.461B,51.47
2024-04-09,KSPI,Joint Stock Company Kaspi.kz,118.16,-5.34,-4.32%,"689,064","431,954",43.899B,N/A
2024-04-09,BAESY,BAE Systems plc,65.57,-2.83,-4.14%,"363,175","265,575",49.589B,21.50
2024-04-09,LIFX,"Life360, Inc.",9.28,+0.85,+10.01%,"39,616","15,299",2.188B,N/A
2024-04-09,RUN,Sunrun Inc.,13.02,+1.14,+9.60%,14.234M,14.714M,2.859B,N/A
2024-04-09,XPEV,XPeng Inc.,8.07,+0.69,+9.35%,22.307M,14.164M,8B,N/A
2024-04-09,MP,MP Materials Corp.,17.44,+1.42,+8.86%,11.028M,3.64M,2.891B,124.57
2024-04-09,MRVI,"Maravai LifeSciences Holdings, Inc.",8.51,+0.64,+8.13%,1.817M,2.777M,2.139B,N/A
2024-04-09,AMKR,"Amkor Technology, Inc.",33.75,+2.41,+7.69%,2.567M,"894,726",8.299B,23.12
2024-04-09,SEDG,"SolarEdge Technologies, Inc.",72.09,+5.14,+7.68%,1.73M,2.451M,4.118B,120.15
2024-04-09,WOLF,"Wolfspeed, Inc.",28.90,+2.06,+7.68%,4.039M,4.718M,3.636B,N/A
2024-04-09,BILI,Bilibili Inc.,11.93,+0.85,+7.67%,9.013M,7.325M,4.921B,N/A
2024-04-09,AGL,"agilon health, inc.",5.56,+0.38,+7.34%,4.227M,5.481M,2.277B,N/A
2024-04-09,WBRBY,Wienerberger AG,7.60,+0.50,+7.04%,"94,082","6,865",4.005B,11.01
2024-04-09,HBM,Hudbay Minerals Inc.,7.98,+0.51,+6.83%,5.957M,2.152M,2.799B,36.27
2024-04-09,PAAS,Pan American Silver Corp.,19.30,+1.23,+6.81%,11.728M,4.033M,7.038B,N/A
2024-04-09,UWMC,UWM Holdings Corporation,6.76,+0.43,+6.79%,3.639M,1.74M,10.793B,N/A
2024-04-09,HCM,HUTCHMED (China) Limited,17.94,+1.07,+6.34%,"358,756","125,111",3.063B,29.90
2024-04-09,MRNA,"Moderna, Inc.",111.60,+6.51,+6.19%,8.925M,3.897M,42.729B,N/A
2024-04-09,FMC,FMC Corporation,63.76,+3.62,+6.02%,1.781M,2.096M,7.958B,5.64
2024-04-09,WPLCF,Wise plc,12.39,+0.69,+5.86%,"217,570","72,626",12.694B,47.64
2024-04-09,ENPH,"Enphase Energy, Inc.",121.98,+6.74,+5.85%,3.442M,4.145M,16.56B,39.60
2024-04-09,DXC,DXC Technology Company,22.09,+1.22,+5.85%,2.76M,2.68M,4.04B,N/A
2024-04-09,UI,Ubiquiti Inc.,118.27,+6.32,+5.65%,"73,884","91,862",7.151B,19.20
2024-04-09,BL,"BlackLine, Inc.",68.61,+3.63,+5.59%,1.101M,"974,378",4.221B,84.70
2024-04-09,STAA,STAAR Surgical Company,52.25,+2.76,+5.58%,1.384M,"730,240",2.553B,121.51
2024-04-09,HTZ,"Hertz Global Holdings, Inc.",7.80,+0.41,+5.55%,7.166M,5.305M,2.381B,5.61
2024-04-09,JBSAY,JBS S.A.,8.94,+0.46,+5.42%,"576,121","107,567",9.915B,40.64
2024-04-10,TSLA,"Tesla, Inc.",171.76,-5.12,-2.89%,83.938M,103.628M,547.02B,39.94
2024-04-10,AMD,"Advanced Micro Devices, Inc.",167.14,-3.64,-2.13%,59.468M,77.547M,270.122B,315.36
2024-04-10,SOFI,"SoFi Technologies, Inc.",7.56,-0.33,-4.18%,53.06M,56.417M,7.933B,N/A
2024-04-10,INTC,Intel Corporation,37.20,-1.13,-2.95%,50.951M,47.674M,158.356B,93.00
2024-04-10,AAL,American Airlines Group Inc.,13.41,-0.54,-3.87%,48.711M,33.547M,8.78B,11.08
2024-04-10,F,Ford Motor Company,13.06,-0.48,-3.55%,50M,54.182M,51.896B,12.09
2024-04-10,AAPL,Apple Inc.,167.78,-1.89,-1.11%,49.403M,60.27M,2.591T,26.09
2024-04-10,NVDA,NVIDIA Corporation,870.39,+16.85,+1.97%,42.865M,53.091M,2.176T,72.84
2024-04-10,PFE,Pfizer Inc.,26.32,-0.46,-1.72%,39.398M,43.118M,149.038B,71.14
2024-04-10,BAC,Bank of America Corporation,36.65,-1.08,-2.86%,36.84M,40.311M,289.192B,11.90
2024-04-10,DAL,"Delta Air Lines, Inc.",46.24,-1.08,-2.28%,34.836M,10.282M,29.747B,6.45
2024-04-10,NYCB,"New York Community Bancorp, Inc.",2.9600,-0.2600,-8.07%,34.763M,41.036M,2.362B,N/A
2024-04-10,T,AT&T Inc.,16.73,-0.17,-1.01%,38.53M,38.725M,120.011B,8.49
2024-04-10,MARA,"Marathon Digital Holdings, Inc.",17.38,-0.60,-3.34%,34.041M,75.297M,4.652B,16.40
2024-04-10,PARA,Paramount Global,10.50,-0.47,-4.28%,34.61M,19.494M,7.344B,N/A
2024-04-10,NIO,NIO Inc.,4.5900,-0.1200,-2.55%,32.357M,57.438M,9.593B,N/A
2024-04-10,WBD,"Warner Bros. Discovery, Inc.",8.32,-0.37,-4.26%,35.68M,27.292M,20.298B,N/A
2024-04-10,CCL,Carnival Corporation & plc,14.95,-0.55,-3.55%,33.077M,32.742M,19.584B,46.72
2024-04-10,AMZN,"Amazon.com, Inc.",185.95,+0.28,+0.15%,35.146M,42.95M,1.932T,64.12
2024-04-10,GOLD,Barrick Gold Corporation,17.90,-0.11,-0.61%,31.193M,22.057M,31.425B,24.86
2024-04-10,SIRI,Sirius XM Holdings Inc.,3.3400,-0.1100,-3.19%,29.475M,14.679M,12.834B,10.44
2024-04-10,RIVN,"Rivian Automotive, Inc.",10.27,-0.36,-3.39%,30.082M,44.045M,10.038B,N/A
2024-04-10,PLTR,Palantir Technologies Inc.,22.42,-0.39,-1.71%,27.466M,71.036M,49.609B,249.11
2024-04-10,VALE,Vale S.A.,12.15,-0.35,-2.80%,26.441M,27.4M,52.013B,6.64
2024-04-10,PLUG,Plug Power Inc.,3.0700,-0.1800,-5.54%,24.203M,44.444M,2.101B,N/A
2024-04-10,RKT,"Rocket Companies, Inc.",12.30,-1.81,-12.83%,5.919M,2.451M,24.444B,6.83
2024-04-10,HXL,Hexcel Corporation,62.34,-8.81,-12.38%,5.752M,"779,432",5.18B,50.27
2024-04-10,RH,RH,260.48,-28.22,-9.77%,1.779M,"683,054",4.771B,44.00
2024-04-10,SFBS,"ServisFirst Bancshares, Inc.",59.73,-5.80,-8.85%,"358,166","184,191",3.255B,15.76
2024-04-10,WDFC,WD-40 Company,233.18,-21.93,-8.60%,"313,223","117,219",3.162B,45.90
2024-04-10,WBRBY,Wienerberger AG,6.95,-0.65,-8.55%,"116,489","8,398",3.662B,10.07
2024-04-10,FNF,"Fidelity National Financial, Inc.",48.28,-4.50,-8.53%,2.993M,1.623M,13.19B,25.28
2024-04-10,VLY,Valley National Bancorp,7.32,-0.68,-8.50%,7.815M,6.642M,3.725B,7.71
2024-04-10,VNO,Vornado Realty Trust,27.60,-2.38,-7.94%,2.263M,2.299M,5.722B,120.00
2024-04-10,EVO,Evotec SE,7.22,-0.61,-7.79%,"47,646","60,393",2.559B,N/A
2024-04-10,BEAM,Beam Therapeutics Inc.,27.06,-2.26,-7.71%,3.203M,1.401M,2.21B,N/A
2024-04-10,FAF,First American Financial Corporation,55.47,-4.60,-7.66%,1.004M,"724,293",5.719B,26.80
2024-04-10,FIBK,"First Interstate BancSystem, Inc.",24.97,-2.03,-7.52%,"984,678","894,290",2.595B,10.07
2024-04-10,GBCI,"Glacier Bancorp, Inc.",36.67,-2.98,-7.52%,"842,905","776,957",4.158B,18.24
2024-04-10,DEI,"Douglas Emmett, Inc.",13.17,-1.07,-7.51%,2.313M,1.883M,2.649B,N/A
2024-04-10,UWMC,UWM Holdings Corporation,6.26,-0.50,-7.40%,2.551M,1.776M,9.995B,N/A
2024-04-10,MNDY,monday.com Ltd.,199.91,-15.84,-7.34%,1.859M,"810,060",9.78B,N/A
2024-04-10,KRC,Kilroy Realty Corporation,33.24,-2.63,-7.33%,"683,859",1.144M,3.938B,18.47
2024-04-10,FND,"Floor & Decor Holdings, Inc.",114.08,-8.67,-7.06%,1.852M,1.425M,12.208B,50.04
2024-04-10,UPST,"Upstart Holdings, Inc.",24.43,-1.84,-7.00%,4.932M,7.059M,2.111B,N/A
2024-04-10,ZD,"Ziff Davis, Inc.",54.10,-4.06,-6.98%,"423,349","278,867",2.492B,60.79
2024-04-10,W,Wayfair Inc.,61.73,-4.59,-6.92%,6.296M,4.295M,7.43B,N/A
2024-04-10,SFNC,Simmons First National Corporation,18.14,-1.34,-6.88%,"450,619","543,821",2.273B,13.14
2024-04-10,NSA,National Storage Affiliates Trust,37.47,-2.75,-6.84%,"734,544","849,413",5.049B,25.32
2024-04-10,SLG,SL Green Realty Corp.,51.28,-3.75,-6.81%,1.603M,1.286M,3.339B,N/A
2024-04-10,ALPN,"Alpine Immune Sciences, Inc.",47.04,+8.10,+20.80%,11.652M,1.247M,3.083B,N/A
2024-04-10,JANX,"Janux Therapeutics, Inc.",44.62,+4.59,+11.47%,3.284M,"752,140",2.305B,N/A
2024-04-10,RVMD,"Revolution Medicines, Inc.",36.50,+3.51,+10.64%,4.427M,1.352M,6.011B,N/A
2024-04-10,VERA,"Vera Therapeutics, Inc.",41.62,+3.71,+9.79%,1.657M,1.292M,2.266B,N/A
2024-04-10,MSTR,MicroStrategy Incorporated,"1,566.00",+124.98,+8.67%,1.876M,2.339M,26.572B,59.21
2024-04-10,OSCR,"Oscar Health, Inc.",14.94,+0.95,+6.79%,3.189M,3.356M,3.432B,N/A
2024-04-10,CAVA,"CAVA Group, Inc.",63.69,+3.41,+5.66%,3.61M,2.315M,7.261B,303.29
2024-04-10,XNGSY,ENN Energy Holdings Limited,34.24,+1.68,+5.16%,"156,482","83,936",9.683B,10.22
2024-04-10,IFS,Intercorp Financial Services Inc.,24.12,+1.01,+4.37%,"123,371","127,419",2.952B,9.84
2024-04-10,GDRX,"GoodRx Holdings, Inc.",7.00,+0.26,+3.86%,1.543M,1.467M,2.765B,N/A
2024-04-10,VRT,Vertiv Holdings Co,84.77,+2.97,+3.63%,8.795M,7.832M,32.38B,71.24
2024-04-10,DNUT,"Krispy Kreme, Inc.",14.93,+0.51,+3.54%,3.569M,2.62M,2.519B,N/A
2024-04-10,UEC,Uranium Energy Corp.,7.13,+0.24,+3.48%,5.712M,8.523M,2.882B,N/A
2024-04-10,HQY,"HealthEquity, Inc.",81.30,+2.69,+3.42%,"719,165","592,481",7.005B,127.03
2024-04-10,COIN,"Coinbase Global, Inc.",250.99,+8.04,+3.31%,8.179M,14.016M,60.809B,697.19
2024-04-10,TAL,TAL Education Group,11.77,+0.37,+3.25%,4.966M,6.951M,7.516B,N/A
2024-04-10,TAVHY,TAV Havalimanlari Holding A.S.,26.50,+0.83,+3.23%,"16,927","1,547",2.417B,8.86
2024-04-10,APLS,"Apellis Pharmaceuticals, Inc.",56.84,+1.72,+3.12%,"752,561",1.397M,6.854B,N/A
2024-04-10,NGL-PB,NGL Energy Partners LP,30.00,+0.89,+3.06%,"59,876","105,633",2.145B,N/A
2024-04-11,TSLA,"Tesla, Inc.",174.60,+2.84,+1.65%,93.736M,102.815M,556.064B,40.60
2024-04-11,RIVN,"Rivian Automotive, Inc.",9.57,-0.70,-6.82%,79.306M,44.986M,9.354B,N/A
2024-04-11,AAPL,Apple Inc.,175.04,+7.26,+4.33%,90.736M,61.108M,2.703T,27.22
2024-04-11,DNA,"Ginkgo Bioworks Holdings, Inc.",1.0500,-0.0700,-6.25%,50.817M,22.47M,2.26B,N/A
2024-04-11,AMD,"Advanced Micro Devices, Inc.",170.50,+3.36,+2.01%,48.835M,77.507M,275.552B,321.70
2024-04-11,GRAB,Grab Holdings Limited,3.3900,+0.0600,+1.80%,42.185M,24.805M,13.299B,N/A
2024-04-11,NVDA,NVIDIA Corporation,906.16,+35.77,+4.11%,42.656M,52.95M,2.265T,76.02
2024-04-11,BAC,Bank of America Corporation,36.35,-0.30,-0.82%,37.431M,39.542M,286.825B,11.80
2024-04-11,NIO,NIO Inc.,4.4600,-0.1300,-2.83%,38.456M,56.956M,9.321B,N/A
2024-04-11,F,Ford Motor Company,13.04,-0.02,-0.15%,37.711M,53.954M,51.816B,12.07
2024-04-11,ALPN,"Alpine Immune Sciences, Inc.",64.40,+17.36,+36.90%,34.559M,1.984M,4.221B,N/A
2024-04-11,GL,Globe Life Inc.,49.17,-55.76,-53.14%,35.067M,1.397M,4.624B,4.88
2024-04-11,AMZN,"Amazon.com, Inc.",189.05,+3.10,+1.67%,39.517M,42.726M,1.964T,65.19
2024-04-11,T,AT&T Inc.,16.42,-0.31,-1.85%,38.684M,38.529M,117.788B,8.34
2024-04-11,INTC,Intel Corporation,37.63,+0.43,+1.16%,41.592M,48.229M,160.186B,94.08
2024-04-11,DIDIY,DiDi Global Inc.,4.9200,+0.1200,+2.50%,33.541M,7.443M,23.664B,N/A
2024-04-11,MARA,"Marathon Digital Holdings, Inc.",17.60,+0.22,+1.27%,30.376M,70.615M,4.71B,16.60
2024-04-11,WBD,"Warner Bros. Discovery, Inc.",8.54,+0.22,+2.64%,35.613M,27.844M,20.835B,N/A
2024-04-11,PLUG,Plug Power Inc.,2.9600,-0.1100,-3.58%,27.795M,44.039M,2.025B,N/A
2024-04-11,GOLD,Barrick Gold Corporation,18.04,+0.14,+0.78%,27.035M,22.516M,31.67B,25.06
2024-04-11,SOFI,"SoFi Technologies, Inc.",7.64,+0.08,+1.06%,27.929M,56.199M,8.017B,N/A
2024-04-11,PARA,Paramount Global,11.27,+0.77,+7.33%,27.128M,20M,7.893B,N/A
2024-04-11,CLSK,"CleanSpark, Inc.",15.87,+0.82,+5.45%,26.369M,36.327M,3.143B,N/A
2024-04-11,PFE,Pfizer Inc.,26.34,+0.02,+0.08%,32.466M,43.121M,149.151B,71.19
2024-04-11,LCID,"Lucid Group, Inc.",2.5000,-0.1500,-5.66%,28.242M,35.715M,5.748B,N/A
2024-04-11,GL,Globe Life Inc.,49.17,-55.76,-53.14%,35.067M,1.397M,4.624B,4.88
2024-04-11,KMX,"CarMax, Inc.",71.98,-7.32,-9.23%,13.921M,1.916M,11.367B,23.00
2024-04-11,PRI,"Primerica, Inc.",223.39,-19.84,-8.16%,"444,381","124,557",7.785B,14.02
2024-04-11,SSDOF,"Shiseido Company, Limited",25.80,-2.10,-7.53%,"60,100","2,468",10.311B,71.67
2024-04-11,RIVN,"Rivian Automotive, Inc.",9.57,-0.70,-6.82%,79.306M,44.986M,9.354B,N/A
2024-04-11,FAST,Fastenal Company,69.88,-4.86,-6.50%,11.036M,4.119M,40.001B,34.59
2024-04-11,SVNDY,"Seven & i Holdings Co., Ltd.",13.35,-0.90,-6.32%,"103,813","164,794",70.24B,23.42
2024-04-11,GEN,Gen Digital Inc.,20.99,-1.35,-6.04%,5.835M,4.463M,13.369B,9.50
2024-04-11,BIO,"Bio-Rad Laboratories, Inc.",311.87,-19.22,-5.81%,"267,781","204,519",8.815B,N/A
2024-04-11,MS,Morgan Stanley,86.84,-4.81,-5.25%,24.481M,8.923M,141.257B,16.76
2024-04-11,EBR,Centrais Elétricas Brasileiras S.A. - Eletrobrás,7.65,-0.38,-4.73%,2.393M,"871,670",17.505B,21.86
2024-04-11,TSCDY,Tesco PLC,10.81,-0.53,-4.72%,"101,059","486,840",25.364B,14.61
2024-04-11,KMPR,Kemper Corporation,55.38,-2.68,-4.62%,"722,026","455,244",3.563B,N/A
2024-04-11,GRFS,"Grifols, S.A.",6.65,-0.32,-4.59%,1.164M,2.502M,5.462B,66.50
2024-04-11,CNMD,CONMED Corporation,76.07,-3.62,-4.54%,"501,757","577,613",2.341B,37.29
2024-04-11,DAR,Darling Ingredients Inc.,45.43,-2.16,-4.54%,2.044M,2.092M,7.259B,11.39
2024-04-11,NMRA,"Neumora Therapeutics, Inc.",14.01,-0.66,-4.50%,"462,346","481,206",2.226B,N/A
2024-04-11,ALKS,Alkermes plc,24.99,-1.15,-4.40%,2.076M,1.942M,4.175B,8.17
2024-04-11,EXEL,"Exelixis, Inc.",22.65,-1.03,-4.35%,2.299M,2.251M,6.867B,34.85
2024-04-11,AAP,"Advance Auto Parts, Inc.",74.35,-3.35,-4.31%,1.821M,1.93M,4.432B,148.70
2024-04-11,CPRI,Capri Holdings Limited,40.78,-1.82,-4.27%,3.692M,1.071M,4.754B,21.24
2024-04-11,CELH,"Celsius Holdings, Inc.",80.87,-3.60,-4.26%,3.284M,4.877M,18.826B,105.03
2024-04-11,MEGEF,MEG Energy Corp.,23.38,-1.00,-4.10%,"112,124","269,768",6.362B,16.01
2024-04-11,BLCO,Bausch + Lomb Corporation,15.00,-0.64,-4.09%,2.26M,"442,919",5.265B,N/A
2024-04-11,CSAN,Cosan S.A.,11.80,-0.50,-4.07%,"653,295","294,663",5.675B,N/A
2024-04-11,ALPN,"Alpine Immune Sciences, Inc.",64.40,+17.36,+36.90%,34.559M,1.984M,4.221B,N/A
2024-04-11,VERA,"Vera Therapeutics, Inc.",48.82,+7.20,+17.30%,4.634M,1.384M,2.658B,N/A
2024-04-11,MONOY,"MonotaRO Co., Ltd.",13.09,+1.43,+12.26%,"49,894","74,481",6.618B,45.14
2024-04-11,JANX,"Janux Therapeutics, Inc.",50.00,+5.38,+12.06%,2.672M,"848,140",2.583B,N/A
2024-04-11,APGE,"Apogee Therapeutics, Inc.",58.04,+5.27,+9.99%,"360,817","709,839",3.392B,N/A
2024-04-11,CRDO,Credo Technology Group Holding Ltd,23.02,+1.82,+8.58%,2.5M,2.186M,3.759B,N/A
2024-04-11,SATS,EchoStar Corporation,14.45,+1.02,+7.59%,1.4M,1.924M,3.923B,N/A
2024-04-11,PARA,Paramount Global,11.27,+0.77,+7.33%,27.128M,20M,7.893B,N/A
2024-04-11,SITM,SiTime Corporation,87.84,+5.74,+6.99%,"252,613","217,273",2.006B,N/A
2024-04-11,TOST,"Toast, Inc.",24.56,+1.58,+6.88%,7.971M,8.485M,13.459B,N/A
2024-04-11,CHWY,"Chewy, Inc.",18.54,+1.14,+6.55%,19.121M,8.89M,8.063B,206.00
2024-04-11,LYFT,"Lyft, Inc.",19.52,+1.12,+6.09%,13.513M,17.936M,7.804B,N/A
2024-04-11,FRO,Frontline plc,24.46,+1.36,+5.89%,2.43M,2.118M,5.445B,6.95
2024-04-11,AHCHY,Anhui Conch Cement Company Limited,11.02,+0.61,+5.82%,"49,617","57,768",15.706B,8.04
2024-04-11,STEP,StepStone Group LP,37.00,+2.02,+5.77%,"703,518","366,975",4.187B,41.11
2024-04-11,SMNNY,Shimano Inc.,15.31,+0.82,+5.63%,"76,896","95,431",13.986B,34.01
2024-04-11,CLSK,"CleanSpark, Inc.",15.87,+0.82,+5.45%,26.369M,36.327M,3.143B,N/A
2024-04-11,SMTC,Semtech Corporation,35.00,+1.77,+5.33%,3.695M,1.925M,2.25B,N/A
2024-04-11,KYMR,"Kymera Therapeutics, Inc.",37.21,+1.88,+5.32%,"469,124","691,790",2.274B,N/A
2024-04-11,CMSQY,Computershare Limited,18.46,+0.93,+5.31%,"18,714","20,855",11.042B,24.95
2024-04-11,AU,AngloGold Ashanti plc,24.26,+1.22,+5.30%,3.733M,2.161M,10.182B,242.60
2024-04-11,CACC,Credit Acceptance Corporation,572.49,+28.69,+5.28%,"96,478","68,675",7.043B,26.01
2024-04-11,GFI,Gold Fields Limited,18.19,+0.91,+5.27%,5.475M,4.442M,16.28B,21.92
2024-04-11,HMY,Harmony Gold Mining Company Limited,9.24,+0.46,+5.21%,7.614M,6.173M,5.76B,12.16
2024-04-11,RXST,"RxSight, Inc.",55.31,+2.59,+4.91%,"187,116","417,701",2.046B,N/A
2024-04-12,AAPL,Apple Inc.,176.55,+1.51,+0.86%,101.14M,61.108M,2.726T,27.50
2024-04-12,NIO,NIO Inc.,4.1100,-0.3500,-7.85%,74.426M,56.956M,8.947B,N/A
2024-04-12,AMD,"Advanced Micro Devices, Inc.",163.28,-7.22,-4.23%,62.929M,77.507M,263.883B,308.08
2024-04-12,TSLA,"Tesla, Inc.",171.05,-3.55,-2.03%,64.027M,102.815M,544.758B,39.78
2024-04-12,INTC,Intel Corporation,35.69,-1.94,-5.16%,79.457M,48.229M,151.928B,89.22
2024-04-12,RIVN,"Rivian Automotive, Inc.",9.13,-0.44,-4.60%,57.453M,44.986M,8.924B,N/A
2024-04-12,GOLD,Barrick Gold Corporation,17.86,-0.18,-1.00%,49.849M,22.516M,31.356B,24.81
2024-04-12,F,Ford Motor Company,12.61,-0.43,-3.30%,48.815M,53.954M,50.107B,11.68
2024-04-12,CPNG,"Coupang, Inc.",21.25,+2.19,+11.49%,51.018M,13.316M,37.896B,28.33
2024-04-12,TCN,Tricon Residential Inc.,11.04,-0.13,-1.16%,47.43M,7.292M,3.01B,26.93
2024-04-12,BAC,Bank of America Corporation,35.79,-0.56,-1.54%,39.652M,39.542M,282.406B,11.62
2024-04-12,NVDA,NVIDIA Corporation,881.86,-24.30,-2.68%,42.119M,52.95M,2.205T,73.73
2024-04-12,MARA,"Marathon Digital Holdings, Inc.",16.11,-1.49,-8.47%,38.915M,70.615M,4.312B,15.20
2024-04-12,PLTR,Palantir Technologies Inc.,22.67,-0.17,-0.74%,36.25M,70.735M,50.163B,251.89
2024-04-12,SOFI,"SoFi Technologies, Inc.",7.33,-0.31,-4.06%,35.125M,56.199M,7.744B,N/A
2024-04-12,PFE,Pfizer Inc.,25.86,-0.48,-1.82%,33.511M,43.121M,146.433B,69.89
2024-04-12,AAL,American Airlines Group Inc.,13.15,-0.47,-3.45%,34.823M,32.946M,8.61B,11.24
2024-04-12,AMZN,"Amazon.com, Inc.",186.13,-2.92,-1.54%,38.513M,42.726M,1.936T,64.40
2024-04-12,CCL,Carnival Corporation & plc,14.36,-0.61,-4.07%,31.008M,32.925M,18.812B,44.88
2024-04-12,VALE,Vale S.A.,12.02,-0.15,-1.23%,29.366M,27.695M,51.972B,6.64
2024-04-12,JPM,JPMorgan Chase & Co.,182.79,-12.64,-6.47%,28.112M,8.544M,524.989B,11.27
2024-04-12,BTG,B2Gold Corp.,2.8900,-0.0100,-0.34%,27.967M,11.961M,3.766B,289.00
2024-04-12,CLSK,"CleanSpark, Inc.",14.85,-1.02,-6.43%,28.277M,36.327M,3.348B,N/A
2024-04-12,KGC,Kinross Gold Corporation,6.38,-0.10,-1.54%,27.19M,14.033M,7.841B,18.76
2024-04-12,WFC,Wells Fargo & Company,56.47,-0.22,-0.39%,26.428M,18.558M,199.926B,11.69
2024-04-12,IBRX,"ImmunityBio, Inc.",5.11,-0.95,-15.68%,6.868M,4.098M,4.103B,N/A
2024-04-12,XPEV,XPeng Inc.,7.46,-0.81,-9.79%,16.725M,14.392M,7.048B,N/A
2024-04-12,GTBIF,Green Thumb Industries Inc.,12.75,-1.30,-9.25%,"727,815","514,975",3.03B,85.00
2024-04-12,ANET,"Arista Networks, Inc.",271.22,-25.36,-8.55%,5.741M,2.53M,84.793B,41.22
2024-04-12,MARA,"Marathon Digital Holdings, Inc.",16.11,-1.49,-8.47%,38.915M,70.615M,4.312B,15.20
2024-04-12,AGEN,Agenus Inc.,8.15,-0.72,-8.12%,1.391M,"539,346",185.875M,N/A
2024-04-12,ZTS,Zoetis Inc.,149.98,-12.75,-7.84%,11.526M,2.896M,68.533B,29.52
2024-04-12,FMC,FMC Corporation,56.75,-4.79,-7.78%,2.007M,2.12M,7.083B,5.02
2024-04-12,VFC,V.F. Corporation,12.11,-1.02,-7.77%,15.82M,9.826M,4.709B,N/A
2024-04-12,PLAY,"Dave & Buster's Entertainment, Inc.",56.09,-4.64,-7.64%,3.146M,1.063M,2.448B,21.09
2024-04-12,BUR,Burford Capital Limited,15.11,-1.24,-7.58%,3.498M,"759,968",3.575B,5.97
2024-04-12,ZKH,ZKH Group Limited,14.78,-1.17,-7.34%,"80,174","56,921",2.381B,N/A
2024-04-12,RARE,Ultragenyx Pharmaceutical Inc.,47.00,-3.70,-7.30%,"755,610","722,447",3.87B,N/A
2024-04-12,BEKE,KE Holdings Inc.,13.16,-1.02,-7.19%,10.215M,7.853M,17.879B,20.56
2024-04-12,ALPMY,Astellas Pharma Inc.,9.55,-0.74,-7.19%,"301,955","276,331",18.573B,477.50
2024-04-12,CRNX,"Crinetics Pharmaceuticals, Inc.",44.59,-3.44,-7.16%,1.109M,"808,395",3.475B,N/A
2024-04-12,APLS,"Apellis Pharmaceuticals, Inc.",51.79,-3.94,-7.07%,2.003M,1.355M,6.721B,N/A
2024-04-12,SEDG,"SolarEdge Technologies, Inc.",65.35,-4.91,-6.99%,1.948M,2.377M,3.733B,108.92
2024-04-12,CRDO,Credo Technology Group Holding Ltd,21.44,-1.58,-6.86%,1.337M,2.186M,3.762B,N/A
2024-04-12,CVNA,Carvana Co.,74.99,-5.45,-6.78%,4.132M,6.406M,13.318B,N/A
2024-04-12,SMTC,Semtech Corporation,32.64,-2.36,-6.74%,3.525M,1.925M,2.107B,N/A
2024-04-12,FLYW,Flywire Corporation,21.20,-1.52,-6.69%,1.833M,1.483M,2.789B,N/A
2024-04-12,CIADY,China Mengniu Dairy Company Limited,19.98,-1.43,-6.68%,"22,241","38,024",8.538B,11.89
2024-04-12,RIOT,"Riot Platforms, Inc.",9.10,-0.65,-6.67%,16.893M,24.454M,2.307B,N/A
2024-04-12,AAGIY,AIA Group Limited,24.35,-1.73,-6.63%,"438,498","558,740",73.994B,"2,435.00"
2024-04-12,GL,Globe Life Inc.,59.09,+9.92,+20.17%,25.613M,1.397M,5.557B,5.87
2024-04-12,CPNG,"Coupang, Inc.",21.25,+2.19,+11.49%,49.468M,13.316M,37.896B,28.33
2024-04-12,JANX,"Janux Therapeutics, Inc.",52.65,+2.65,+5.30%,1.52M,"848,140",2.72B,N/A
2024-04-12,CMSQF,Computershare Limited,17.95,+0.81,+4.73%,"30,441",180,10.964B,23.31
2024-04-12,IMPUY,Impala Platinum Holdings Limited,5.36,+0.20,+3.88%,"466,991","290,862",4.824B,N/A
2024-04-12,MITEY,"Mitsubishi Estate Co., Ltd.",19.56,+0.66,+3.47%,"43,694","52,860",24.761B,27.54
2024-04-12,ALVO,Alvotech,12.24,+0.39,+3.29%,"411,823","322,321",3.422B,N/A
2024-04-12,NHYDY,Norsk Hydro ASA,6.55,+0.20,+3.15%,"208,656","261,424",13.132B,38.53
2024-04-12,BAESF,BAE Systems plc,16.73,+0.49,+3.05%,"66,440","54,568",50.585B,21.73
2024-04-12,KOF,"Coca-Cola FEMSA, S.A.B. de C.V.",97.12,+2.84,+3.01%,"263,066","152,545",20.403B,17.13
2024-04-15,TSLA,"Tesla, Inc.",161.48,-9.57,-5.59%,98.631M,102.2M,514.28B,37.64
2024-04-15,RIVN,"Rivian Automotive, Inc.",8.40,-0.73,-8.00%,81.561M,45.202M,8.211B,N/A
2024-04-15,NIO,NIO Inc.,3.8900,-0.2200,-5.35%,70.141M,57.245M,8.632B,N/A
2024-04-15,AAPL,Apple Inc.,172.69,-3.86,-2.19%,73.097M,61.764M,2.667T,26.86
2024-04-15,AMD,"Advanced Micro Devices, Inc.",160.32,-2.96,-1.81%,61.195M,77.279M,259.1B,308.31
2024-04-15,MPW,"Medical Properties Trust, Inc.",4.7400,+0.7500,+18.80%,56.434M,20.043M,2.84B,N/A
2024-04-15,F,Ford Motor Company,12.23,-0.38,-3.01%,49.618M,53.928M,48.597B,11.32
2024-04-15,DNA,"Ginkgo Bioworks Holdings, Inc.",0.9500,-0.0600,-5.94%,43.28M,22.335M,2.045B,N/A
2024-04-15,NVDA,NVIDIA Corporation,860.01,-21.85,-2.48%,43.965M,52.785M,2.15T,72.21
2024-04-15,AMZN,"Amazon.com, Inc.",183.62,-2.51,-1.35%,47.934M,42.66M,1.91T,63.32
2024-04-15,BAC,Bank of America Corporation,35.95,+0.16,+0.45%,44.325M,39.665M,283.669B,11.67
2024-04-15,INTC,Intel Corporation,36.31,+0.62,+1.74%,49.807M,48.745M,154.567B,90.78
2024-04-15,PLTR,Palantir Technologies Inc.,21.90,-0.77,-3.40%,37.524M,70.182M,48.459B,243.33
2024-04-15,GOLD,Barrick Gold Corporation,17.37,-0.49,-2.74%,32.786M,22.958M,30.724B,24.12
2024-04-15,MARA,"Marathon Digital Holdings, Inc.",15.15,-0.96,-5.96%,33.398M,70.107M,4.055B,14.29
2024-04-15,ITUB,Itaú Unibanco Holding S.A.,6.14,-0.21,-3.31%,32.571M,16.916M,60.029B,9.30
2024-04-15,SOFI,"SoFi Technologies, Inc.",7.12,-0.21,-2.86%,33.526M,55.885M,7.522B,N/A
2024-04-15,T,AT&T Inc.,16.24,-0.07,-0.43%,31.01M,38.582M,116.496B,8.24
2024-04-15,CCL,Carnival Corporation & plc,14.06,-0.30,-2.09%,30.708M,32.943M,18.419B,43.94
2024-04-15,VALE,Vale S.A.,12.00,-0.02,-0.17%,30.056M,27.751M,52.145B,6.56
2024-04-15,ERIC,Telefonaktiebolaget LM Ericsson (publ),4.7900,-0.1000,-2.04%,29.423M,16.936M,16.659B,N/A
2024-04-15,CLSK,"CleanSpark, Inc.",14.69,-0.16,-1.08%,29.497M,36.201M,3.311B,N/A
2024-04-15,PFE,Pfizer Inc.,25.91,+0.05,+0.19%,28.621M,43.119M,146.716B,70.03
2024-04-15,CPNG,"Coupang, Inc.",21.65,+0.40,+1.88%,25.922M,13.925M,38.609B,28.87
2024-04-15,AAL,American Airlines Group Inc.,12.94,-0.21,-1.60%,27.133M,32.988M,8.473B,10.69
2024-04-15,BHVN,Biohaven Ltd.,44.77,-8.31,-15.66%,3.401M,1.14M,3.656B,N/A
2024-04-15,MSTR,MicroStrategy Incorporated,"1,335.88",-143.70,-9.71%,1.589M,2.291M,22.667B,50.43
2024-04-15,CRDO,Credo Technology Group Holding Ltd,19.44,-2.00,-9.33%,2.108M,2.177M,3.174B,N/A
2024-04-15,COIN,"Coinbase Global, Inc.",223.41,-22.34,-9.09%,11.112M,13.37M,54.127B,603.81
2024-04-15,RARE,Ultragenyx Pharmaceutical Inc.,42.87,-4.13,-8.79%,1.727M,"723,443",3.53B,N/A
2024-04-15,EXAS,Exact Sciences Corporation,65.35,-5.99,-8.40%,3.06M,2.349M,11.863B,N/A
2024-04-15,RUN,Sunrun Inc.,10.69,-0.95,-8.16%,11.471M,14.712M,2.347B,N/A
2024-04-15,RIVN,"Rivian Automotive, Inc.",8.40,-0.73,-8.00%,81.561M,45.202M,8.211B,N/A
2024-04-15,BRPHF,Galaxy Digital Holdings Ltd.,8.68,-0.75,-7.92%,"169,227","198,338",2.955B,2.38
2024-04-15,CELH,"Celsius Holdings, Inc.",73.49,-6.23,-7.81%,5.512M,4.851M,17.108B,95.44
2024-04-15,BMA,Banco Macro S.A.,47.46,-4.00,-7.77%,"636,743","397,896",3.629B,87.89
2024-04-15,TGS,Transportadora de Gas del Sur S.A.,15.60,-1.30,-7.69%,"376,570","259,695",2.802B,260.00
2024-04-15,SEDG,"SolarEdge Technologies, Inc.",60.44,-4.91,-7.51%,2.167M,2.371M,3.453B,100.73
2024-04-15,WNS,WNS (Holdings) Limited,47.55,-3.79,-7.38%,"477,804","411,172",2.226B,14.54
2024-04-15,DUOL,"Duolingo, Inc.",195.56,-15.48,-7.34%,"572,343","643,930",8.385B,543.22
2024-04-15,CRM,"Salesforce, Inc.",272.90,-21.42,-7.28%,16.476M,5.548M,264.713B,64.82
2024-04-15,SG,"Sweetgreen, Inc.",21.08,-1.65,-7.26%,1.715M,2.359M,2.382B,N/A
2024-04-15,STAA,STAAR Surgical Company,46.22,-3.57,-7.17%,"726,060","735,370",2.259B,107.49
2024-04-15,TEAM,Atlassian Corporation,191.84,-14.69,-7.11%,2.107M,1.759M,49.765B,N/A
2024-04-15,AI,"C3.ai, Inc.",20.84,-1.59,-7.09%,7.014M,7.563M,2.544B,N/A
2024-04-15,QS,QuantumScape Corporation,5.41,-0.40,-6.88%,9.833M,6.703M,2.682B,N/A
2024-04-15,CVNA,Carvana Co.,69.83,-5.16,-6.88%,5.664M,6.37M,12.402B,N/A
2024-04-15,HNHPF,"Hon Hai Precision Industry Co., Ltd.",8.55,-0.63,-6.86%,"104,824","61,698",60.239B,13.57
2024-04-15,GGAL,Grupo Financiero Galicia S.A.,27.60,-2.01,-6.79%,1.559M,1.059M,4.951B,10.49
2024-04-15,JWN,"Nordstrom, Inc.",17.77,-1.29,-6.77%,4.692M,4.524M,2.901B,21.67
2024-04-15,WIRE,Encore Wire Corporation,291.23,+30.25,+11.59%,3.098M,"177,208",4.597B,13.47
2024-04-15,HGTY,"Hagerty, Inc.",8.93,+0.49,+5.81%,"147,397","53,804",2.998B,99.22
2024-04-15,MTB,M&T Bank Corporation,140.94,+6.38,+4.74%,2.948M,1.227M,23.484B,8.93
2024-04-15,OLYMY,Olympus Corporation,14.41,+0.59,+4.27%,"333,461","46,587",17.132B,68.62
2024-04-15,ADDYY,adidas AG,108.06,+4.11,+3.95%,"20,055","55,314",39.102B,N/A
2024-04-15,MSSMY,MISUMI Group Inc.,7.42,+0.28,+3.92%,"178,985","53,201",4.297B,23.19
2024-04-15,AA,Alcoa Corporation,36.57,+1.37,+3.89%,9.863M,6.348M,6.566B,N/A
2024-04-15,IMVT,"Immunovant, Inc.",30.47,+1.12,+3.82%,1.188M,1.145M,4.427B,N/A
2024-04-15,SDZNY,Sandoz Group AG,30.45,+1.10,+3.75%,"155,532","154,941",13.224B,N/A
2024-04-15,WRDLY,Worldline SA,5.85,+0.20,+3.53%,"17,025","42,090",3.456B,N/A
2024-04-15,IVPAF,Ivanhoe Mines Ltd.,13.77,+0.45,+3.38%,"224,014","251,722",17.601B,52.96
2024-04-15,NPNYY,Nippon Yusen Kabushiki Kaisha,5.38,+0.17,+3.26%,"78,471","39,570",12.612B,8.41
2024-04-15,ESLT,Elbit Systems Ltd.,202.13,+6.23,+3.18%,"30,082","21,714",9.076B,41.94
2024-04-15,BLKB,"Blackbaud, Inc.",79.13,+2.41,+3.14%,"742,015","286,800",4.232B,"2,637.67"
2024-04-15,PSLV,Sprott Physical Silver Trust,9.70,+0.29,+3.08%,8.198M,3.224M,4.73B,42.17
2024-04-15,SMMYY,"Sumitomo Metal Mining Co., Ltd.",8.77,+0.26,+3.06%,"96,130","67,325",9.816B,22.49
2024-04-16,TSLA,"Tesla, Inc.",157.11,-4.37,-2.71%,96.497M,101.854M,514.345B,36.54
2024-04-16,BAC,Bank of America Corporation,34.68,-1.27,-3.53%,91.529M,40.193M,283.669B,11.26
2024-04-16,AAPL,Apple Inc.,169.38,-3.31,-1.92%,72.647M,62.316M,2.667T,26.34
2024-04-16,ERIC,Telefonaktiebolaget LM Ericsson (publ),4.8800,+0.0900,+1.88%,58.938M,17.89M,16.791B,N/A
2024-04-16,AMD,"Advanced Micro Devices, Inc.",163.46,+3.14,+1.96%,55.038M,75.665M,264.174B,314.35
2024-04-16,F,Ford Motor Company,12.09,-0.14,-1.14%,55.327M,54.218M,48.598B,11.19
2024-04-16,GOLD,Barrick Gold Corporation,16.48,-0.89,-5.12%,49.333M,23.284M,30.583B,22.89
2024-04-16,RIVN,"Rivian Automotive, Inc.",8.71,+0.31,+3.69%,51.1M,46.291M,8.445B,N/A
2024-04-16,NIO,NIO Inc.,3.8100,-0.0800,-2.06%,41.621M,56.094M,8.671B,N/A
2024-04-16,VALE,Vale S.A.,11.67,-0.33,-2.75%,39.728M,28.033M,51.791B,6.38
2024-04-16,T,AT&T Inc.,16.09,-0.15,-0.92%,49.17M,38.877M,116.497B,8.17
2024-04-16,ITUB,Itaú Unibanco Holding S.A.,6.00,-0.14,-2.28%,37.041M,17.531M,58.66B,9.09
2024-04-16,NVDA,NVIDIA Corporation,874.15,+14.14,+1.64%,36.769M,52.604M,2.185T,73.52
2024-04-16,NOK,Nokia Oyj,3.3300,+0.0300,+0.91%,35.252M,15.614M,18.642B,25.62
2024-04-16,MARA,"Marathon Digital Holdings, Inc.",14.60,-0.55,-3.63%,35.651M,68.282M,3.908B,13.77
2024-04-16,WBD,"Warner Bros. Discovery, Inc.",8.14,-0.22,-2.63%,33.876M,28.256M,20.421B,N/A
2024-04-16,PLTR,Palantir Technologies Inc.,21.88,-0.02,-0.09%,33.687M,70.319M,48.459B,243.11
2024-04-16,SOFI,"SoFi Technologies, Inc.",7.20,+0.08,+1.12%,33.906M,55.7M,7.607B,N/A
2024-04-16,BBD,Banco Bradesco S.A.,2.6600,-0.0400,-1.48%,30.357M,16.93M,28.248B,11.08
2024-04-16,AMZN,"Amazon.com, Inc.",183.32,-0.30,-0.16%,32.786M,42.733M,1.91T,63.21
2024-04-16,WFC,Wells Fargo & Company,56.41,-0.56,-0.98%,25.206M,18.747M,199.491B,11.75
2024-04-16,CCL,Carnival Corporation & plc,13.90,-0.16,-1.14%,26.978M,33.224M,18.418B,43.44
2024-04-16,CLSK,"CleanSpark, Inc.",14.48,-0.21,-1.43%,25.008M,36.369M,3.309B,N/A
2024-04-16,AAL,American Airlines Group Inc.,13.03,+0.09,+0.70%,25.413M,32.359M,8.531B,10.77
2024-04-16,CPNG,"Coupang, Inc.",22.51,+0.86,+3.97%,25.871M,14.141M,38.609B,30.01
2024-04-16,WPLCF,Wise plc,10.36,-1.20,-10.34%,"488,997","84,693",12.171B,39.85
2024-04-16,LLYVK,Liberty Live Group,37.50,-3.59,-8.74%,"466,653","348,738",3.399B,N/A
2024-04-16,VERA,"Vera Therapeutics, Inc.",42.57,-3.96,-8.51%,1.119M,1.415M,2.318B,N/A
2024-04-16,MNSO,MINISO Group Holding Limited,19.02,-1.72,-8.29%,3.264M,1.629M,6.764B,21.86
2024-04-16,LLYVA,Liberty Live Group,36.34,-3.23,-8.16%,"203,025","198,887",3.417B,N/A
2024-04-16,LYV,"Live Nation Entertainment, Inc.",92.21,-7.56,-7.58%,10.063M,2.332M,23.027B,67.31
2024-04-16,ASAI,Sendas Distribuidora S.A.,12.36,-0.92,-6.93%,"337,771","307,388",3.71B,24.24
2024-04-16,BCC,Boise Cascade Company,138.91,-10.09,-6.77%,"509,192","305,566",5.496B,11.47
2024-04-16,GXYYY,Galaxy Entertainment Group Limited,23.17,-1.66,-6.69%,"83,884","34,945",21.594B,23.17
2024-04-16,MT,ArcelorMittal S.A.,25.18,-1.77,-6.57%,4.555M,1.57M,22.429B,23.10
2024-04-16,TXG,"10x Genomics, Inc.",30.80,-2.06,-6.27%,2.188M,1.343M,3.912B,N/A
2024-04-16,PTAIY,PT Astra International Tbk,6.24,-0.41,-6.17%,"935,734","59,879",13.243B,6.00
2024-04-16,MSTR,MicroStrategy Incorporated,"1,254.03",-81.85,-6.13%,1.705M,2.302M,23.52B,50.44
2024-04-16,RIOT,"Riot Platforms, Inc.",8.06,-0.51,-5.95%,20.574M,24.155M,2.171B,N/A
2024-04-16,OSCUF,"Japan Exchange Group, Inc.",25.43,-1.56,-5.79%,"35,317","9,014",13.232B,35.32
2024-04-16,RKUNY,"Rakuten Group, Inc.",5.26,-0.31,-5.57%,"23,129","24,441",11.878B,N/A
2024-04-16,HCM,HUTCHMED (China) Limited,16.68,-0.98,-5.55%,"106,629","131,770",3.112B,27.80
2024-04-16,BKRKY,PT Bank Rakyat Indonesia (Persero) Tbk,16.61,-0.97,-5.52%,"445,544","55,583",50.093B,13.50
2024-04-16,AHEXY,Adecco Group AG,16.70,-0.96,-5.46%,"191,026","16,956",6.321B,16.21
2024-04-16,PBCRY,PT Bank Central Asia Tbk,14.36,-0.81,-5.34%,"98,039","63,317",71.101B,23.54
2024-04-16,ALB,Albemarle Corporation,114.11,-6.39,-5.30%,3.468M,3.537M,14.162B,9.02
2024-04-16,GOLD,Barrick Gold Corporation,16.48,-0.89,-5.12%,49.333M,23.284M,30.583B,22.89
2024-04-16,SCHYY,Sands China Ltd.,25.13,-1.35,-5.10%,"67,128","25,980",21.632B,29.22
2024-04-16,NTRS,Northern Trust Corporation,79.56,-4.15,-4.96%,3.047M,1.575M,17.081B,15.66
2024-04-16,OTGLY,CD Projekt S.A.,6.78,-0.35,-4.91%,"46,509","20,229",2.864B,22.60
2024-04-16,ITCI,"Intra-Cellular Therapies, Inc.",79.84,+15.08,+23.29%,7.376M,"850,919",7.729B,N/A
2024-04-16,SMCI,"Super Micro Computer, Inc.",976.30,+93.55,+10.60%,6.956M,11.045M,57.163B,76.27
2024-04-16,ENV,"Envestnet, Inc.",61.80,+5.26,+9.30%,3.141M,"474,125",3.404B,N/A
2024-04-16,HCC,"Warrior Met Coal, Inc.",68.22,+5.40,+8.60%,1.199M,"895,387",3.568B,7.42
2024-04-16,NJDCY,Nidec Corporation,11.09,+0.82,+8.04%,"241,105","182,261",25.51B,44.36
2024-04-16,AMR,"Alpha Metallurgical Resources, Inc.",349.17,+24.37,+7.50%,"268,430","254,059",4.542B,7.08
2024-04-16,GL,Globe Life Inc.,59.97,+4.16,+7.45%,4.979M,1.972M,5.639B,5.96
2024-04-16,SE,Sea Limited,56.38,+3.66,+6.94%,13.018M,6.617M,32.067B,225.52
2024-04-16,CAMT,Camtek Ltd.,83.51,+5.05,+6.44%,"347,622","427,441",3.769B,51.23
2024-04-16,AVDL,Avadel Pharmaceuticals plc,18.09,+1.09,+6.41%,2.307M,1.226M,2.99B,N/A
2024-04-16,YUEIY,Yue Yuen Industrial (Holdings) Limited,7.49,+0.43,+6.09%,"43,788","11,485",2.415B,8.81
2024-04-16,OSCR,"Oscar Health, Inc.",15.68,+0.88,+5.95%,2.483M,3.12M,3.602B,N/A
2024-04-16,AFSIM,"AmTrust Financial Services, Inc.",14.00,+0.75,+5.66%,"24,092","3,029",2.768B,14.33
2024-04-16,UNH,UnitedHealth Group Incorporated,468.89,+23.26,+5.22%,11.813M,4.604M,432.286B,19.67
2024-04-16,ARCH,"Arch Resources, Inc.",165.92,+8.02,+5.08%,"429,406","516,867",3.027B,6.85
2024-04-16,BTU,Peabody Energy Corporation,24.09,+1.15,+5.01%,4.03M,4.069M,3.066B,4.82
2024-04-16,VCTR,"Victory Capital Holdings, Inc.",44.62,+2.04,+4.79%,1.389M,"348,569",2.874B,14.30
2024-04-16,FSNUY,Fresenius SE & Co. KGaA,7.12,+0.29,+4.25%,"76,138","44,512",16.041B,41.88
2024-04-16,FQVLF,First Quantum Minerals Ltd.,11.21,+0.45,+4.18%,"104,892","253,359",9.344B,N/A
2024-04-16,DSGX,The Descartes Systems Group Inc.,90.90,+3.55,+4.06%,"230,857","149,433",7.754B,67.84
2024-04-16,CEIX,CONSOL Energy Inc.,88.40,+3.44,+4.05%,"516,485","608,530",2.617B,4.47
2024-04-16,JBI,"Janus International Group, Inc.",14.93,+0.58,+4.04%,1.442M,1.332M,2.193B,16.23
2024-04-16,CPNG,"Coupang, Inc.",22.51,+0.86,+3.97%,25.871M,14.141M,38.609B,30.01
2024-04-16,SMPL,The Simply Good Foods Company,33.00,+1.25,+3.94%,1.347M,"938,566",3.3B,23.74
2024-04-16,RIVN,"Rivian Automotive, Inc.",8.71,+0.31,+3.69%,51.1M,46.291M,8.445B,N/A
2024-04-17,TSLA,"Tesla, Inc.",155.45,-1.66,-1.06%,82.043M,101.854M,500.235B,36.07
2024-04-17,AMD,"Advanced Micro Devices, Inc.",154.02,-9.44,-5.78%,75.394M,75.665M,264.077B,296.19
2024-04-17,UAL,"United Airlines Holdings, Inc.",48.74,+7.24,+17.45%,66.523M,8.875M,16.026B,6.11
2024-04-17,BAC,Bank of America Corporation,35.23,+0.55,+1.59%,64.456M,40.193M,277.15B,12.15
2024-04-17,AAL,American Airlines Group Inc.,13.89,+0.86,+6.60%,51.869M,32.359M,9.095B,11.48
2024-04-17,SNAP,Snap Inc.,10.90,+0.49,+4.71%,53.891M,29.776M,17.183B,N/A
2024-04-17,NVDA,NVIDIA Corporation,840.35,-33.80,-3.87%,49.195M,52.604M,2.101T,70.68
2024-04-17,AAPL,Apple Inc.,168.00,-1.38,-0.81%,50.206M,62.316M,2.615T,26.13
2024-04-17,PFE,Pfizer Inc.,25.42,-0.27,-1.05%,43.581M,42.996M,145.471B,68.70
2024-04-17,NIO,NIO Inc.,3.9100,+0.1000,+2.62%,38.231M,56.094M,8.165B,N/A
2024-04-17,F,Ford Motor Company,12.04,-0.05,-0.41%,43.543M,54.218M,48.041B,11.15
2024-04-17,MARA,"Marathon Digital Holdings, Inc.",14.63,+0.03,+0.21%,37.671M,68.282M,3.916B,13.80
2024-04-17,VALE,Vale S.A.,11.85,+0.18,+1.54%,34.197M,28.033M,51.821B,6.37
2024-04-17,CLSK,"CleanSpark, Inc.",14.92,+0.44,+3.04%,31.79M,36.369M,3.363B,N/A
2024-04-17,RIVN,"Rivian Automotive, Inc.",8.74,+0.03,+0.34%,32.182M,46.291M,8.543B,N/A
2024-04-17,INTC,Intel Corporation,35.68,-0.58,-1.60%,39.389M,48.812M,151.885B,89.20
2024-04-17,ERIC,Telefonaktiebolaget LM Ericsson (publ),4.9300,+0.0500,+1.02%,28.929M,17.89M,16.714B,N/A
2024-04-17,PLTR,Palantir Technologies Inc.,21.31,-0.57,-2.61%,29.712M,70.319M,47.153B,236.78
2024-04-17,SOFI,"SoFi Technologies, Inc.",7.16,-0.04,-0.56%,28.699M,55.7M,7.564B,N/A
2024-04-17,AMZN,"Amazon.com, Inc.",181.28,-2.04,-1.11%,31.152M,42.733M,1.886T,62.51
2024-04-17,GOLD,Barrick Gold Corporation,16.70,+0.22,+1.33%,24.622M,23.284M,29.319B,23.19
2024-04-17,CSX,CSX Corporation,34.16,-0.68,-1.95%,24.32M,12.33M,66.871B,18.46
2024-04-17,T,AT&T Inc.,16.12,+0.03,+0.19%,27.151M,38.877M,115.636B,8.18
2024-04-17,ITUB,Itaú Unibanco Holding S.A.,6.05,+0.05,+0.83%,23.332M,17.531M,59.149B,9.17
2024-04-17,MU,"Micron Technology, Inc.",116.33,-5.44,-4.47%,25.079M,21.476M,134.902B,N/A
2024-04-17,KYOCF,Kyocera Corporation,12.42,-2.41,-16.26%,"20,007","1,379",17.494B,27.00
2024-04-17,ARM,Arm Holdings plc,107.56,-14.66,-11.99%,19.41M,16.035M,110.58B,"1,195.11"
2024-04-17,PWSC,"PowerSchool Holdings, Inc.",17.79,-1.94,-9.83%,2.726M,"626,109",2.939B,N/A
2024-04-17,LSRCY,Lasertec Corporation,47.98,-4.88,-9.23%,"40,040","32,982",21.636B,60.73
2024-04-17,JBHT,"J.B. Hunt Transport Services, Inc.",168.13,-14.86,-8.12%,3.721M,"797,172",17.367B,24.12
2024-04-17,TRV,"The Travelers Companies, Inc.",206.58,-16.54,-7.41%,5.659M,1.431M,47.323B,16.16
2024-04-17,APLS,"Apellis Pharmaceuticals, Inc.",48.03,-3.79,-7.31%,1.676M,1.363M,5.792B,N/A
2024-04-17,ATEYY,Advantest Corporation,34.57,-2.68,-7.19%,"970,819","167,995",25.519B,50.10
2024-04-17,PLD,"Prologis, Inc.",106.49,-8.25,-7.19%,10.489M,3.281M,98.508B,32.37
2024-04-17,MLCO,Melco Resorts & Entertainment Limited,6.40,-0.49,-7.11%,8.384M,2.898M,2.837B,N/A
2024-04-17,ASML,ASML Holding N.V.,907.61,-69.31,-7.09%,3.707M,1.272M,382.7B,42.89
2024-04-17,TFII,TFI International Inc.,144.33,-10.31,-6.67%,"675,604","269,995",12.229B,24.88
2024-04-17,IMVT,"Immunovant, Inc.",28.43,-1.97,-6.48%,1.805M,1.144M,4.131B,N/A
2024-04-17,LSCC,Lattice Semiconductor Corporation,70.22,-4.85,-6.46%,2.417M,2.137M,9.658B,37.96
2024-04-17,ASMLF,ASML Holding N.V.,912.90,-61.66,-6.33%,"66,226","1,072",382.7B,42.96
2024-04-17,GXYYY,Galaxy Entertainment Group Limited,21.72,-1.45,-6.26%,"51,614","34,945",19.269B,21.72
2024-04-17,ARCB,ArcBest Corporation,140.00,-9.25,-6.20%,"482,865","317,337",3.512B,25.88
2024-04-17,RXO,"RXO, Inc.",19.23,-1.27,-6.20%,"840,099","650,864",2.26B,641.00
2024-04-17,DKNG,DraftKings Inc.,42.21,-2.73,-6.07%,13.102M,12.03M,20.078B,N/A
2024-04-17,CNMD,CONMED Corporation,72.76,-4.70,-6.07%,"907,974","585,998",2.24B,35.67
2024-04-17,VERA,"Vera Therapeutics, Inc.",40.01,-2.56,-6.01%,1.048M,1.415M,2.179B,N/A
2024-04-17,RMD,ResMed Inc.,173.83,-11.03,-5.97%,2.972M,"996,835",25.568B,28.78
2024-04-17,TMDX,"TransMedics Group, Inc.",87.86,-5.45,-5.84%,"997,713","711,462",2.886B,N/A
2024-04-17,ADSK,"Autodesk, Inc.",214.92,-13.32,-5.84%,6.334M,1.325M,45.975B,51.17
2024-04-17,TIXT,TELUS International (Cda) Inc.,7.94,-0.49,-5.81%,"109,556","207,772",2.18B,44.11
2024-04-17,UAL,"United Airlines Holdings, Inc.",48.74,+7.24,+17.45%,66.523M,8.875M,16.026B,6.11
2024-04-17,AGL,"agilon health, inc.",5.01,+0.53,+11.83%,6.692M,5.29M,2.052B,N/A
2024-04-17,TCNNF,Trulieve Cannabis Corp.,11.80,+1.10,+10.28%,"380,238","608,550",2.23B,N/A
2024-04-17,INSP,"Inspire Medical Systems, Inc.",243.51,+21.88,+9.87%,1.934M,"479,237",7.378B,N/A
2024-04-17,MNSO,MINISO Group Holding Limited,20.56,+1.54,+8.10%,2.655M,1.629M,6.867B,23.63
2024-04-17,IMPUY,Impala Platinum Holdings Limited,5.26,+0.36,+7.35%,"237,143","296,796",4.929B,N/A
2024-04-17,AAL,American Airlines Group Inc.,13.89,+0.86,+6.60%,51.869M,32.359M,9.095B,11.48
2024-04-17,IBRX,"ImmunityBio, Inc.",5.24,+0.32,+6.50%,4.282M,4.16M,3.547B,N/A
2024-04-17,SUN,Sunoco LP,54.00,+2.87,+5.61%,"732,390","487,204",4.559B,14.79
2024-04-17,ADDYY,adidas AG,117.23,+6.22,+5.60%,"65,332","56,087",41.863B,N/A
2024-04-17,GTBIF,Green Thumb Industries Inc.,13.11,+0.69,+5.56%,"354,979","506,925",3.087B,87.40
2024-04-17,NS,NuStar Energy L.P.,21.48,+1.12,+5.50%,1.07M,"956,382",2.718B,29.83
2024-04-17,ACDVF,Air Canada,14.03,+0.73,+5.49%,"88,217","199,235",5.029B,3.25
2024-04-17,GL,Globe Life Inc.,63.23,+3.26,+5.44%,5.097M,1.972M,5.946B,6.28
2024-04-17,RUN,Sunrun Inc.,10.85,+0.52,+4.99%,11.32M,14.659M,2.381B,N/A
2024-04-17,SNAP,Snap Inc.,10.90,+0.49,+4.71%,53.891M,29.776M,17.183B,N/A
2024-04-17,ALK,"Alaska Air Group, Inc.",42.72,+1.92,+4.71%,4.457M,2.254M,5.374B,23.34
2024-04-17,DAY,Dayforce Inc,61.34,+2.74,+4.68%,2.101M,1.41M,9.542B,175.26
2024-04-17,JBLU,JetBlue Airways Corporation,6.83,+0.30,+4.59%,16.966M,15.19M,2.323B,N/A
2024-04-17,CURLF,"Curaleaf Holdings, Inc.",5.21,+0.22,+4.41%,"558,406","923,117",3.843B,N/A
2024-04-17,RARE,Ultragenyx Pharmaceutical Inc.,44.11,+1.80,+4.25%,"889,720","733,772",3.632B,N/A
2024-04-17,SBSW,Sibanye Stillwater Limited,5.42,+0.22,+4.23%,5.754M,6.079M,4.036B,5.26
2024-04-17,PBI-PB,Pitney Bowes Inc. NT 43,17.13,+0.69,+4.20%,"20,382",N/A,3.193B,12.99
2024-04-17,ZGN,Ermenegildo Zegna N.V.,11.46,+0.44,+3.99%,1.076M,"705,430",2.869B,22.47
2024-04-17,HNHPF,"Hon Hai Precision Industry Co., Ltd.",8.90,+0.33,+3.80%,"28,886","63,511",62.582B,14.35
2024-04-18,TSLA,"Tesla, Inc.",149.93,-5.52,-3.55%,93.98M,101.432M,477.496B,34.79
2024-04-18,SNAP,Snap Inc.,11.63,+0.73,+6.70%,54.001M,30.307M,19.197B,N/A
2024-04-18,AMD,"Advanced Micro Devices, Inc.",155.08,+1.06,+0.69%,51.998M,74.761M,250.631B,298.23
2024-04-18,GRAB,Grab Holdings Limited,3.3900,+0.1800,+5.61%,45.85M,24.234M,13.375B,N/A
2024-04-18,NVDA,NVIDIA Corporation,846.71,+6.36,+0.76%,44.536M,52.609M,2.117T,70.97
2024-04-18,CLSK,"CleanSpark, Inc.",16.23,+1.31,+8.78%,40.252M,36.536M,3.659B,N/A
2024-04-18,MARA,"Marathon Digital Holdings, Inc.",15.03,+0.40,+2.73%,39.009M,67.408M,4.023B,14.18
2024-04-18,NIO,NIO Inc.,4.0000,+0.0900,+2.30%,37.993M,55.566M,8.348B,N/A
2024-04-18,TSM,Taiwan Semiconductor Manufacturing Company Limited,132.27,-6.76,-4.86%,38.662M,15.781M,686.086B,26.51
2024-04-18,BAC,Bank of America Corporation,35.77,+0.54,+1.53%,42.246M,40.684M,281.398B,12.33
2024-04-18,F,Ford Motor Company,12.06,+0.02,+0.17%,38.35M,53.766M,47.922B,11.17
2024-04-18,AAPL,Apple Inc.,167.04,-0.96,-0.57%,41.519M,61.879M,2.579T,25.98
2024-04-18,UAL,"United Airlines Holdings, Inc.",51.42,+2.68,+5.50%,36.619M,9.785M,16.907B,6.28
2024-04-18,INTC,Intel Corporation,35.04,-0.64,-1.79%,41.888M,48.723M,149.161B,87.60
2024-04-18,SOFI,"SoFi Technologies, Inc.",7.13,-0.03,-0.42%,34.192M,55.419M,7.533B,N/A
2024-04-18,PLTR,Palantir Technologies Inc.,21.13,-0.18,-0.84%,34.111M,70.236M,46.755B,234.78
2024-04-18,AAL,American Airlines Group Inc.,14.02,+0.13,+0.94%,34.731M,32.261M,9.18B,11.59
2024-04-18,KEY,KeyCorp,14.38,-0.05,-0.35%,31.95M,15.423M,13.337B,16.34
2024-04-18,PFE,Pfizer Inc.,25.39,-0.03,-0.12%,35.462M,42.891M,143.772B,68.62
2024-04-18,MU,"Micron Technology, Inc.",111.93,-4.40,-3.78%,31.082M,21.642M,123.948B,N/A
2024-04-18,RIVN,"Rivian Automotive, Inc.",8.83,+0.09,+1.03%,30.602M,45.934M,8.631B,N/A
2024-04-18,INFY,Infosys Limited,16.51,-0.44,-2.60%,31.277M,8.704M,68.345B,23.25
2024-04-18,ERIC,Telefonaktiebolaget LM Ericsson (publ),5.06,+0.13,+2.64%,29.347M,18.158M,17.16B,N/A
2024-04-18,T,AT&T Inc.,16.33,+0.21,+1.30%,29.502M,38.749M,117.142B,8.29
2024-04-18,RIG,Transocean Ltd.,5.55,-0.13,-2.29%,25.993M,18.406M,4.549B,N/A
2024-04-18,RTO,Rentokil Initial plc,25.61,-2.64,-9.35%,2.103M,"777,227",12.931B,27.24
2024-04-18,LVS,Las Vegas Sands Corp.,45.88,-4.35,-8.66%,21.435M,4.375M,34.183B,28.68
2024-04-18,EFX,Equifax Inc.,217.51,-20.17,-8.49%,3.632M,"783,983",27.021B,49.43
2024-04-18,SNA,Snap-on Incorporated,261.76,-21.74,-7.67%,"851,376","328,233",13.831B,13.95
2024-04-18,SNV,Synovus Financial Corp.,33.90,-2.72,-7.43%,5.761M,1.414M,4.964B,9.80
2024-04-18,RUN,Sunrun Inc.,10.11,-0.74,-6.78%,11.455M,14.666M,2.22B,N/A
2024-04-18,IDYA,"IDEAYA Biosciences, Inc.",37.62,-2.55,-6.35%,"792,559","755,737",2.805B,N/A
2024-04-18,APGE,"Apogee Therapeutics, Inc.",48.35,-3.15,-6.12%,"379,889","714,646",2.826B,N/A
2024-04-18,ITCI,"Intra-Cellular Therapies, Inc.",72.00,-4.69,-6.12%,4.595M,"884,922",7.018B,N/A
2024-04-18,WOLF,"Wolfspeed, Inc.",23.72,-1.52,-6.02%,4.686M,4.633M,2.984B,N/A
2024-04-18,AXSM,"Axsome Therapeutics, Inc.",65.72,-3.99,-5.72%,"834,137","731,040",3.113B,N/A
2024-04-18,LKNCY,Luckin Coffee Inc.,21.65,-1.25,-5.46%,1.732M,2.673M,6.08B,17.46
2024-04-18,BRKR,Bruker Corporation,78.56,-4.38,-5.28%,2.203M,"778,927",10.815B,27.09
2024-04-18,INSM,Insmed Incorporated,24.80,-1.38,-5.27%,2.215M,1.636M,3.684B,N/A
2024-04-18,FR,"First Industrial Realty Trust, Inc.",46.07,-2.53,-5.21%,2.326M,1.196M,6.265B,22.26
2024-04-18,VCEL,Vericel Corporation,43.86,-2.40,-5.19%,"410,760","465,454",2.122B,N/A
2024-04-18,THC,Tenet Healthcare Corporation,91.08,-4.92,-5.12%,2.317M,1.146M,9.034B,15.95
2024-04-18,FRO,Frontline plc,22.87,-1.17,-4.87%,2.583M,2.077M,5.091B,6.50
2024-04-18,TSM,Taiwan Semiconductor Manufacturing Company Limited,132.27,-6.76,-4.86%,38.662M,15.781M,686.086B,26.51
2024-04-18,DYN,"Dyne Therapeutics, Inc.",23.65,-1.17,-4.71%,"976,413",1.418M,2.038B,N/A
2024-04-18,HCA,"HCA Healthcare, Inc.",297.00,-14.03,-4.51%,2.705M,1.086M,78.552B,15.66
2024-04-18,SYM,Symbotic Inc.,40.09,-1.87,-4.46%,1.107M,1.518M,23.599B,N/A
2024-04-18,CERT,"Certara, Inc.",16.21,-0.74,-4.37%,"488,114","552,969",2.597B,N/A
2024-04-18,SGRY,"Surgery Partners, Inc.",23.42,-1.05,-4.29%,1.819M,"881,533",2.965B,N/A
2024-04-18,BHVN,Biohaven Ltd.,42.16,-1.87,-4.25%,3.608M,1.197M,3.443B,N/A
2024-04-18,BMI,"Badger Meter, Inc.",178.48,+25.48,+16.65%,"676,238","172,688",5.239B,56.84
2024-04-18,GPC,Genuine Parts Company,160.23,+16.16,+11.22%,3.915M,1.011M,22.34B,17.16
2024-04-18,FQVLF,First Quantum Minerals Ltd.,11.71,+0.97,+9.03%,"160,343","249,743",9.761B,N/A
2024-04-18,CLSK,"CleanSpark, Inc.",16.23,+1.31,+8.78%,40.252M,36.536M,3.659B,N/A
2024-04-18,AGL,"agilon health, inc.",5.38,+0.37,+7.39%,5.711M,5.288M,2.203B,N/A
2024-04-18,EDNMY,Edenred SE,25.20,+1.70,+7.23%,"25,192","52,348",12.587B,46.67
2024-04-18,ALLY,Ally Financial Inc.,38.71,+2.44,+6.73%,8.264M,3.843M,11.766B,12.95
2024-04-18,SNAP,Snap Inc.,11.63,+0.73,+6.70%,54.001M,30.307M,19.197B,N/A
2024-04-18,OSCR,"Oscar Health, Inc.",16.45,+0.91,+5.86%,4.733M,3.101M,3.779B,N/A
2024-04-18,MAN,ManpowerGroup Inc.,74.03,+3.96,+5.65%,1.337M,"400,438",3.582B,42.06
2024-04-18,ABBNY,ABB Ltd,48.37,+2.58,+5.62%,"179,598","197,625",89.547B,23.95
2024-04-18,LRLCY,L'Oréal S.A.,94.06,+4.96,+5.57%,"143,344","113,679",251.482B,38.39
2024-04-18,UAL,"United Airlines Holdings, Inc.",51.42,+2.68,+5.50%,36.619M,9.785M,16.907B,6.28
2024-04-18,IRDM,Iridium Communications Inc.,26.06,+1.35,+5.46%,2.123M,1.185M,3.172B,217.17
2024-04-18,DSKYF,"Daiichi Sankyo Company, Limited",29.75,+1.53,+5.42%,"17,305","2,920",58.048B,47.22
2024-04-18,DUOL,"Duolingo, Inc.",205.06,+10.40,+5.34%,2.319M,"630,174",8.792B,585.89
2024-04-18,DLAKY,Deutsche Lufthansa AG,7.08,+0.35,+5.16%,"53,807","45,203",8.469B,4.14
2024-04-18,EL,The Estée Lauder Companies Inc.,144.81,+6.77,+4.90%,3.884M,2.651M,51.91B,113.13
2024-04-18,ATEYY,Advantest Corporation,36.26,+1.69,+4.89%,2.702M,"181,646",27.32B,53.32
2024-04-18,OZK,Bank OZK,43.80,+1.98,+4.73%,2.116M,1.223M,4.968B,7.46
2024-04-18,HSHCY,"Haier Smart Home Co., Ltd.",13.49,+0.59,+4.57%,"50,666","190,361",35.116B,13.77
2024-04-18,KSS,Kohl's Corporation,22.85,+0.99,+4.53%,7.785M,5.371M,2.534B,8.02
2024-04-18,CQP,"Cheniere Energy Partners, L.P.",48.74,+2.09,+4.48%,"363,337","195,440",23.592B,7.01
2024-04-18,JWN,"Nordstrom, Inc.",18.74,+0.79,+4.40%,5.822M,4.456M,3.059B,22.85
2024-04-18,AAP,"Advance Auto Parts, Inc.",77.20,+3.15,+4.25%,2.105M,1.939M,4.602B,154.40
